Workbook

Sheet TABLE EXAMPLE_FULL
A1: Table 1 Impact of Hospitalization on the Non-Elderly Insured (Ages 50 to 59) in the HRS
B2: Out-of-Pocket Medical Spending | C2: Working Part or Full-Time | D2: Respondent Earnings | E2: Spousal Earnings | F2: Household Social Insurance Payments | G2: Total Household Incomeb
B3: -1 | C3: -2 | D3: -3 | E3: -4 | F3: -5 | G3: -6
A5: 12-month effecta | B5: =+oop_spend_full!B6 -> 1935.019 | C5: =+earnings_full!B6 -> -3396.196 | D5: =+working_full!B6 -> -8.77115 | E5: =+spousal_full!B6 -> 2734.4 | F5: =+insurancepay_full!B6 -> 219.0075 | G5: =+hitot_full!B6 -> -1137.548
B6: ="("&+oop_spend_full!C6&")" -> (233.906) | C6: ="("&+earnings_full!C6&")" -> (1394.882) | D6: ="("&+working_full!C6&")" -> (1.382723) | E6: ="("&+spousal_full!C6&")" -> (1570.905) | F6: ="("&+insurancepay_full!C6&")" -> (187.9291) | G6: ="("&+hitot_full!C6&")" -> (2119.456)
B7: ="["&+oop_spend_full!E6&"]" -> [0] | C7: ="["&+earnings_full!E6&"]" -> [0.015] | D7: ="["&+working_full!E6&"]" -> [0] | E7: ="["&+spousal_full!E6&"]" -> [0.082] | F7: ="["&+insurancepay_full!E6&"]" -> [0.244] | G7: ="["&+hitot_full!E6&"]" -> [0.591]
A8: Effect at 36 monthsa | B8: =+oop_spend_full!B8 -> 1124.38 | C8: =+earnings_full!B8 -> -15369.72 | D8: =+working_full!B8 -> -20.97507 | E8: =+spousal_full!B8 -> 4324.911 | F8: =+insurancepay_full!B8 -> 3194.614 | G8: =+hitot_full!B8 -> -6644.152
B9: ="("&+oop_spend_full!C8&")" -> (397.8346) | C9: ="("&+earnings_full!C8&")" -> (2261.287) | D9: ="("&+working_full!C8&")" -> (3.00165) | E9: ="("&+spousal_full!C8&")" -> (2893.974) | F9: ="("&+insurancepay_full!C8&")" -> (554.7457) | G9: ="("&+hitot_full!C8&")" -> (3755.448)
B10: ="["&+oop_spend_full!E8&"]" -> [0.005] | C10: ="["&+earnings_full!E8&"]" -> [0] | D10: ="["&+working_full!E8&"]" -> [0] | E10: ="["&+spousal_full!E8&"]" -> [0.135] | F10: ="["&+insurancepay_full!E8&"]" -> [0] | G10: ="["&+hitot_full!E8&"]" -> [0.077]
A12: Pre-hospitalization mean | B12: =+AVERAGE(oop_spend_full!B11:B13) -> 42.401033 | C12: =+AVERAGE(earnings_full!B11:B13) -> -1908.136 | D12: =+AVERAGE(working_full!B11:B13) -> 3.826513 | E12: =+AVERAGE(spousal_full!B11:B13) -> 7004.7183 | F12: =+AVERAGE(insurancepay_full!B11:B13) -> 551.18047 | G12: =+AVERAGE(hitot_full!B11:B13) -> 5094.3933
A13: Number of Observations | B13: =+oop_spend_full!H2 -> 8574 | C13: =+earnings_full!H2 -> 8574 | D13: =+working_full!H2 -> 8574 | E13: =+spousal_full!H2 -> 8574 | F13: =+insurancepay_full!H2 -> 8574 | G13: =+hitot_full!H2 -> 8574
A17: Notes: Sample is the non-elderly insured (see Table 1, column 1) in the HRS. All columns report effects based on OLS estimates of equation (4). Pre-hospitalization means are calculated using the survey wave preceding the hospitalization. Standard errors (clustered on the individual) are in parentheses and p-values are in brackets. All estimates are weighted using survey weights. a All reported effects are reweighted to correct for timing features of the HRS survey, assuming a uniform distribution of hospitalizations in the two years between survey waves and a piecewise linear spline functional form with knots at 12 and 36 months, using the true distribution of month of the survey within the year, and adjusting for the reporting window. All outcomes are reported for the past calendar year except for out-of-pocket medical spending which covers the two-years since the last interview and working part or full-time which is asked at the time of the interview. See Appendix C for methodological details. b Total household income is the sum of respondent earnings, spousal earnings, household social insurance payments, and household pension income.

Sheet TABLE EXAMPLE_NOINS
A1: Table 1 Impact of Hospitalization on the Non-Elderly No Insured (Ages 50 to 59) in the HRS
B2: Out-of-Pocket Medical Spending | C2: Working Part or Full-Time | D2: Respondent Earnings | E2: Spousal Earnings | F2: Household Social Insurance Payments | G2: Total Household Incomeb
B3: -1 | C3: -2 | D3: -3 | E3: -4 | F3: -5 | G3: -6
A5: 12-month effecta | B5: =+oop_spend_NOINS!B6 -> 1975.46 | C5: =+earnings_NOINS!B6 -> -667.4281 | D5: =+working_NOINS!B6 -> -2.649456 | E5: =+spousal_NOINS!B6 -> 166.5789 | F5: =+insurancepay_NOINS!B6 -> 234.4159 | G5: =+hitot_NOINS!B6 -> -1554.695
B6: ="("&+oop_spend_NOINS!C6&")" -> (175.3367) | C6: ="("&+earnings_NOINS!C6&")" -> (310.6935) | D6: ="("&+working_NOINS!C6&")" -> (0.6173531) | E6: ="("&+spousal_NOINS!C6&")" -> (311.9127) | F6: ="("&+insurancepay_NOINS!C6&")" -> (153.1852) | G6: ="("&+hitot_NOINS!C6&")" -> (635.3629)
B7: ="["&+oop_spend_NOINS!E6&"]" -> [0] | C7: ="["&+earnings_NOINS!E6&"]" -> [0.032] | D7: ="["&+working_NOINS!E6&"]" -> [0] | E7: ="["&+spousal_NOINS!E6&"]" -> [0.593] | F7: ="["&+insurancepay_NOINS!E6&"]" -> [0.126] | G7: ="["&+hitot_NOINS!E6&"]" -> [0.014]
A8: Effect at 36 monthsa | B8: =+oop_spend_NOINS!B8 -> 1311.081 | C8: =+earnings_NOINS!B8 -> 278.2393 | D8: =+working_NOINS!B8 -> 0.0550376 | E8: =+spousal_NOINS!B8 -> 1923.966 | F8: =+insurancepay_NOINS!B8 -> 175.0458 | G8: =+hitot_NOINS!B8 -> -302.9468
B9: ="("&+oop_spend_NOINS!C8&")" -> (225.4578) | C9: ="("&+earnings_NOINS!C8&")" -> (533.8818) | D9: ="("&+working_NOINS!C8&")" -> (0.9408605) | E9: ="("&+spousal_NOINS!C8&")" -> (580.6228) | F9: ="("&+insurancepay_NOINS!C8&")" -> (238.7887) | G9: ="("&+hitot_NOINS!C8&")" -> (971.1568)
B10: ="["&+oop_spend_NOINS!E8&"]" -> [0] | C10: ="["&+earnings_NOINS!E8&"]" -> [0.602] | D10: ="["&+working_NOINS!E8&"]" -> [0.953] | E10: ="["&+spousal_NOINS!E8&"]" -> [0.001] | F10: ="["&+insurancepay_NOINS!E8&"]" -> [0.464] | G10: ="["&+hitot_NOINS!E8&"]" -> [0.755]
A12: Pre-hospitalization mean | B12: =+AVERAGE(oop_spend_NOINS!B11:B13) -> 84.2492 | C12: =+AVERAGE(earnings_NOINS!B11:B13) -> 634.13437 | D12: =+AVERAGE(working_NOINS!B11:B13) -> -1.4902216 | E12: =+AVERAGE(spousal_NOINS!B11:B13) -> 752.18694 | F12: =+AVERAGE(insurancepay_NOINS!B11:B13) -> -323.99383 | G12: =+AVERAGE(hitot_NOINS!B11:B13) -> -1622.4353
A13: Number of Observations | B13: =+oop_spend_NOINS!H2 -> 69783 | C13: =+earnings_NOINS!H2 -> 55243 | D13: =+working_NOINS!H2 -> 69783 | E13: =+spousal_NOINS!H2 -> 69783 | F13: =+insurancepay_NOINS!H2 -> 69783 | G13: =+hitot_NOINS!H2 -> 69783
A17: Notes: Sample is the non-elderly insured (see Table 1, column 1) in the HRS. All columns report effects based on OLS estimates of equation (4). Pre-hospitalization means are calculated using the survey wave preceding the hospitalization. Standard errors (clustered on the individual) are in parentheses and p-values are in brackets. All estimates are weighted using survey weights. a All reported effects are reweighted to correct for timing features of the HRS survey, assuming a uniform distribution of hospitalizations in the two years between survey waves and a piecewise linear spline functional form with knots at 12 and 36 months, using the true distribution of month of the survey within the year, and adjusting for the reporting window. All outcomes are reported for the past calendar year except for out-of-pocket medical spending which covers the two-years since the last interview and working part or full-time which is asked at the time of the interview. See Appendix C for methodological details. b Total household income is the sum of respondent earnings, spousal earnings, household social insurance payments, and household pension income.

Sheet Comparison
A1: var | B1: riearn_c | C1: oop_spend | D1: age_hosp | E1: working | F1: riearnsemp | G1: siearnsemp | H1: hgovt | I1: hitot_old | J1: log_hitot_old | K1: hitot_inc | L1: hitot_exc | M1: log_hitot_inc | N1: log_hitot_exc
A2: Indiv | B2: 2674 | C2: 2732 | D2: 2732 | E2: 2732 | F2: 2732 | G2: 2732 | H2: 2732 | I2: 2732 | J2: 2732 | K2: 2732 | L2: 2732 | M2: 2732 | N2: 2732
A3: N | B3: 10832 | C3: 13286 | D3: 13286 | E3: 13286 | F3: 13286 | G3: 13286 | H3: 13286 | I3: 13286 | J3: 13286 | K3: 13286 | L3: 13286 | M3: 13286 | N3: 13286
A4: R2 | B4: 0.0256192 | C4: 0.0288358 | D4: 0.0729676 | E4: 0.0941244 | F4: 0.018221 | G4: 0.0068818 | H4: 0.0965116 | I4: 0.0063397 | J4: 0.0059682 | K4: 0.0105957 | L4: 0.0105967 | M4: 0.0074338 | N4: 0.0075892
A5: _cons | B5: 41888.2 | C5: 2177.661 | D5: 55.86309 | E5: 75.0851 | F5: 47584.48 | G5: 32104.18 | H5: 2615.284 | I5: 97877.41 | J5: 10.99365 | K5: 85846.07 | L5: 85865.52 | M5: 10.81751 | N5: 10.82384
A6: evt_f2 | B6: -2198.741 | C6: -30.33627 | D6: 1.188584 | E6: 4.834129 | F6: 1293.603 | G6: 3028.726 | H6: -197.5447 | I6: 1068.021 | J6: 0.0127747 | K6: 3112.315 | L6: 3095.598 | M6: 0.0933189 | N6: 0.0878688
A7: evt_f3 | B7: 585.0154 | C7: -217.8643 | D7: 2.052584 | E7: 6.692759 | F7: 2505.097 | G7: 4232.131 | H7: -596.426 | I7: 1037.725 | J7: 0.0243117 | K7: 4403.271 | L7: 4388.164 | M7: 0.0777646 | N7: 0.0728395
A8: evt_l0 | B8: -6480.554 | C8: 2311.929 | D8: -0.3787747 | E8: -11.49434 | F8: -5572.789 | G8: -2390.792 | H8: 829.7615 | I8: -8260.153 | J8: -0.118492 | K8: -6691.348 | L8: -6713.148 | M8: -0.1374465 | N8: -0.1445498
A9: evt_l1 | B9: -13732.65 | C9: 1365.466 | D9: -0.4324915 | E9: -20.96578 | F9: -13348.62 | G9: -3010.943 | H9: 2376.216 | I9: -13498.97 | J9: -0.2059091 | K9: -11607.07 | L9: -11632.78 | M9: -0.261988 | N9: -0.270366
A10: evt_l2 | B10: -17392.19 | C10: 1176.595 | D10: -0.3039744 | E10: -32.28516 | F10: -18225.61 | G10: -7562.425 | H10: 4492.615 | I10: -18825.35 | J10: -0.2455178 | K10: -17777.64 | L10: -17793.77 | M10: -0.3114626 | N10: -0.3167172
A11: evt_l3 | B11: -20397.32 | C11: 1424.018 | D11: -0.5507231 | E11: -41.44933 | F11: -22814.44 | G11: -10273.45 | H11: 7697.693 | I11: -17890.86 | J11: -0.2109088 | K11: -19361.16 | L11: -19378.19 | M11: -0.2476227 | N11: -0.2531725

Sheet oop_spend_full
E2: Number | F2: of | G2: obs = | H2: 8574
A4: oop_spend | B4: Coef. | C4: Std. Err. | D4: z | E4: P>z | G4: [95% Conf. | H4: Interval]
A6: tau0 | B6: 1935.019 | C6: 233.906 | D6: 8.27 | E6: 0 | G6: 1476.572 | H6: 2393.466
A7: tau1 | B7: 1197.109 | C7: 311.7165 | D7: 3.84 | E7: 0 | G7: 586.1555 | H7: 1808.062
A8: tau2 | B8: 1124.38 | C8: 397.8346 | D8: 2.83 | E8: 0.005 | G8: 344.6385 | H8: 1904.121
A9: tau3 | B9: 1242.38 | C9: 569.5618 | D9: 2.18 | E9: 0.029 | G9: 126.0594 | H9: 2358.701
A10: tau4 | B10: 1269.07 | C10: 597.0115 | D10: 2.13 | E10: 0.034 | G10: 98.9492 | H10: 2439.191
A11: pre1 | B11: 116.4025 | C11: 816.3118 | D11: 0.14 | E11: 0.887 | G11: 1483.539 | H11: 1716.344
A12: pre2 | B12: 181.5409 | C12: 630.3753 | D12: 0.29 | E12: 0.773 | G12: 1053.972 | H12: 1417.054
A13: pre3 | B13: -170.7403 | C13: 451.7267 | D13: -0.38 | E13: 0.705 | G13: 1056.108 | H13: 714.6278
A14: risemp | B14: -0.0081921 | C14: 0.0122127 | D14: -0.67 | E14: 0.502 | G14: 0.0321287 | H14: 0.0157444
A15: sisemp | B15: 0.00163 | C15: 0.0072108 | D15: 0.23 | E15: 0.821 | G15: 0.0125028 | H15: 0.0157629
A16: hisemp | B16: -0.0003225 | C16: 0.0074881 | D16: -0.04 | E16: 0.966 | G16: 0.0149989 | H16: 0.0143538
A17: a_risemp | B17: -2.583125 | C17: 9.967945 | D17: -0.26 | E17: 0.796 | G17: 22.11994 | H17: 16.95369
... A19: a_hisemp | B19: -2.360826 | C19: 10.54747 | D19: -0.22 | E19: 0.823 | G19: -23.0335 | H19: 18.31184
B21: Original | C21: Extension
A23: t-3 | B23: =Comparison!C7 -> -217.8643 | C23: =B11 -> 116.4025
A24: t-2 | B24: =Comparison!C6 -> -30.33627 | C24: =B12 -> 181.5409
A25: t-1 | B25: 0 | C25: =B13 -> -170.7403
A26: t | B26: =Comparison!C8 -> 2311.929 | C26: =B6 -> 1935.019
A27: t+1 | B27: =Comparison!C9 -> 1365.466 | C27: =B7 -> 1197.109
A28: t+2 | B28: =Comparison!C10 -> 1176.595 | C28: =B8 -> 1124.38
A29: t+3 | B29: =Comparison!C11 -> 1424.018 | C29: =B9 -> 1242.38

Sheet earnings_full
E2: Number | F2: of | G2: obs = | H2: 8574
A4: riearn_c | B4: Coef. | C4: Std. Err. | D4: z | E4: P>z | G4: [95% Conf. | H4: Interval]
A6: tau0 | B6: -3396.196 | C6: 1394.882 | D6: -2.43 | E6: 0.015 | G6: 6130.115 | H6: -662.2769
A7: tau1 | B7: -11739.83 | C7: 1758.461 | D7: -6.68 | E7: 0 | G7: 15186.35 | H7: -8293.308
A8: tau2 | B8: -15369.72 | C8: 2261.287 | D8: -6.8 | E8: 0 | G8: 19801.77 | H8: -10937.68
A9: tau3 | B9: -16505.37 | C9: 2841.946 | D9: -5.81 | E9: 0 | G9: 22075.48 | H9: -10935.26
A10: tau4 | B10: -21570.04 | C10: 3417.269 | D10: -6.31 | E10: 0 | G10: 28267.76 | H10: -14872.31
A11: pre1 | B11: -3353.754 | C11: 7265.387 | D11: -0.46 | E11: 0.644 | G11: 17593.65 | H11: 10886.14
A12: pre2 | B12: -2780.509 | C12: 5221.998 | D12: -0.53 | E12: 0.594 | G12: 13015.44 | H12: 7454.419
A13: pre3 | B13: 409.8551 | C13: 3536.018 | D13: 0.12 | E13: 0.908 | G13: 6520.612 | H13: 7340.322
A14: risemp | B14: 0.1294689 | C14: 0.1467638 | D14: 0.88 | E14: 0.378 | G14: 0.1581828 | H14: 0.4171206
A15: sisemp | B15: 0.0510565 | C15: 0.2905787 | D15: 0.18 | E15: 0.861 | G15: 0.5184672 | H15: 0.6205802
A16: hisemp | B16: -0.012201 | C16: 0.2854468 | D16: -0.04 | E16: 0.966 | G16: 0.5716665 | H16: 0.5472645
A17: a_risemp | B17: -105.3789 | C17: 122.9512 | D17: -0.86 | E17: 0.391 | G17: 346.3588 | H17: 135.601
... A19: a_hisemp | B19: -45.05019 | C19: 106.9974 | D19: -0.42 | E19: 0.674 | G19: 254.7613 | H19: 164.6609
B21: Original | C21: Extension
A23: t-3 | B23: =Comparison!B7 -> 585.0154 | C23: =B11 -> -3353.754
A24: t-2 | B24: =Comparison!B6 -> -2198.741 | C24: =B12 -> -2780.509
A25: t-1 | B25: 0 | C25: =B13 -> 409.8551
A26: t | B26: =Comparison!B8 -> -6480.554 | C26: =B6 -> -3396.196
A27: t+1 | B27: =Comparison!B9 -> -13732.65 | C27: =B7 -> -11739.83
A28: t+2 | B28: =Comparison!B10 -> -17392.19 | C28: =B8 -> -15369.72
A29: t+3 | B29: =Comparison!B11 -> -20397.32 | C29: =B9 -> -16505.37

Sheet working_full
E2: Number | F2: of | G2: obs = | H2: 8574
A4: working | B4: Coef. | C4: Std. Err. | D4: z | E4: P>z | G4: [95% Conf. | H4: Interval]
A6: tau0 | B6: -8.77115 | C6: 1.382723 | D6: -6.34 | E6: 0 | G6: 11.48124 | H6: -6.061062
A7: tau1 | B7: -14.17381 | C7: 2.016386 | D7: -7.03 | E7: 0 | G7: 18.12585 | H7: -10.22177
A8: tau2 | B8: -20.97507 | C8: 3.00165 | D8: -6.99 | E8: 0 | G8: -26.8582 | H8: -15.09195
A9: tau3 | B9: -27.42207 | C9: 4.045905 | D9: -6.78 | E9: 0 | G9: -35.3519 | H9: -19.49224
A10: tau4 | B10: -33.18019 | C10: 4.535123 | D10: -7.32 | E10: 0 | G10: 42.06887 | H10: -24.29152
A11: pre1 | B11: 2.818719 | C11: 7.189669 | D11: 0.39 | E11: 0.695 | G11: 11.27277 | H11: 16.91021
A12: pre2 | B12: 3.925504 | C12: 5.03712 | D12: 0.78 | E12: 0.436 | G12: 5.947069 | H12: 13.79808
A13: pre3 | B13: 4.735316 | C13: 3.17506 | D13: 1.49 | E13: 0.136 | G13: 1.487687 | H13: 10.95832
A14: risemp | B14: 9.02e-05 | C14: 4.86e-05 | D14: 1.85 | E14: 0.064 | G14: 5.19e-06 | H14: 0.0001855
A15: sisemp | B15: 1.83e-05 | C15: 2.12e-05 | D15: 0.87 | E15: 0.387 | G15: 2.32e-05 | H15: 5.98e-05
A16: hisemp | B16: -1.1e-05 | C16: 2.02e-05 | D16: -0.54 | E16: 0.586 | G16: 5.06e-05 | H16: 2.86e-05
A17: a_risemp | B17: -0.015161 | C17: 0.0917995 | D17: -0.17 | E17: 0.869 | G17: 0.1950847 | H17: 0.1647627
... A19: a_hisemp | B19: 0.0162462 | C19: 0.0911404 | D19: 0.18 | E19: 0.859 | G19: 0.1623858 | H19: 0.1948781
B21: Original | C21: Extension
A23: t-3 | B23: =Comparison!E7 -> 6.692759 | C23: =B11 -> 2.818719
A24: t-2 | B24: =Comparison!E6 -> 4.834129 | C24: =B12 -> 3.925504
A25: t-1 | B25: 0 | C25: =B13 -> 4.735316
A26: t | B26: =Comparison!E8 -> -11.49434 | C26: =B6 -> -8.77115
A27: t+1 | B27: =Comparison!E9 -> -20.96578 | C27: =B7 -> -14.17381
A28: t+2 | B28: =Comparison!E10 -> -32.28516 | C28: =B8 -> -20.97507
A29: t+3 | B29: =Comparison!E11 -> -41.44933 | C29: =B9 -> -27.42207

Sheet spousal_full
E2: Number | F2: of | G2: obs = | H2: 8574
A4: siearnsemp | B4: Coef. | C4: Std. Err. | D4: z | E4: P>z | G4: [95% Conf. | H4: Interval]
A6: tau0 | B6: 2734.4 | C6: 1570.905 | D6: 1.74 | E6: 0.082 | G6: 344.5169 | H6: 5813.316
A7: tau1 | B7: 3981.56 | C7: 2218.663 | D7: 1.79 | E7: 0.073 | G7: 366.9397 | H7: 8330.059
A8: tau2 | B8: 4324.911 | C8: 2893.974 | D8: 1.49 | E8: 0.135 | G8: 1347.173 | H8: 9996.995
A9: tau3 | B9: 7528.067 | C9: 3793.039 | D9: 1.98 | E9: 0.047 | G9: 93.84665 | H9: 14962.29
A10: tau4 | B10: 10078.27 | C10: 4347.765 | D10: 2.32 | E10: 0.02 | G10: 1556.807 | H10: 18599.73
A11: pre1 | B11: 10401.26 | C11: 17013.25 | D11: 0.61 | E11: 0.541 | G11: 22944.09 | H11: 43746.61
A12: pre2 | B12: 6130.678 | C12: 11890.78 | D12: 0.52 | E12: 0.606 | G12: 17174.83 | H12: 29436.19
A13: pre3 | B13: 4482.217 | C13: 7058.675 | D13: 0.63 | E13: 0.525 | G13: 9352.532 | H13: 18316.97
A14: risemp | B14: 0.0527051 | C14: 0.1954706 | D14: 0.27 | E14: 0.787 | G14: 0.3304103 | H14: 0.4358205
A15: sisemp | B15: 1.217867 | C15: 0.1508394 | D15: 8.07 | E15: 0 | G15: 0.9222269 | H15: 1.513506
A16: hisemp | B16: -0.0898586 | C16: 0.1860234 | D16: -0.48 | E16: 0.629 | G16: 0.4544577 | H16: 0.2747405
A17: a_risemp | B17: 75.60721 | C17: 72.8166 | D17: 1.04 | E17: 0.299 | G17: 67.11069 | H17: 218.3251
... A19: a_hisemp | B19: -71.76855 | C19: 74.94745 | D19: -0.96 | E19: 0.338 | G19: 218.6629 | H19: 75.12576
B21: Original | C21: Extension
A23: t-3 | B23: =Comparison!G7 -> 4232.131 | C23: =B11 -> 10401.26
A24: t-2 | B24: =Comparison!G6 -> 3028.726 | C24: =B12 -> 6130.678
A25: t-1 | B25: 0 | C25: =B13 -> 4482.217
A26: t | B26: =Comparison!G8 -> -2390.792 | C26: =B6 -> 2734.4
A27: t+1 | B27: =Comparison!G9 -> -3010.943 | C27: =B7 -> 3981.56
A28: t+2 | B28: =Comparison!G10 -> -7562.425 | C28: =B8 -> 4324.911
A29: t+3 | B29: =Comparison!G11 -> -10273.45 | C29: =B9 -> 7528.067

Sheet insurancepay_full
E2: Number | F2: of | G2: obs = | H2: 8574
A4: hgovt | B4: Coef. | C4: Std. Err. | D4: z | E4: P>z | G4: [95% Conf. | H4: Interval]
A6: tau0 | B6: 219.0075 | C6: 187.9291 | D6: 1.17 | E6: 0.244 | G6: 149.3268 | H6: 587.3418
A7: tau1 | B7: 1117.815 | C7: 342.8853 | D7: 3.26 | E7: 0.001 | G7: 445.7719 | H7: 1789.857
A8: tau2 | B8: 3194.614 | C8: 554.7457 | D8: 5.76 | E8: 0 | G8: 2107.333 | H8: 4281.896
A9: tau3 | B9: 6046.459 | C9: 806.5899 | D9: 7.5 | E9: 0 | G9: 4465.572 | H9: 7627.346
A10: tau4 | B10: 9357.525 | C10: 897.6115 | D10: 10.42 | E10: 0 | G10: 7598.239 | H10: 11116.81
A11: pre1 | B11: 536.4822 | C11: 1476.597 | D11: 0.36 | E11: 0.716 | G11: 2357.595 | H11: 3430.559
A12: pre2 | B12: 590.8094 | C12: 1017.799 | D12: 0.58 | E12: 0.562 | G12: 1404.041 | H12: 2585.659
A13: pre3 | B13: 526.2498 | C13: 566.715 | D13: 0.93 | E13: 0.353 | G13: 584.4912 | H13: 1636.991
A14: risemp | B14: -0.0040814 | C14: 0.0040527 | D14: -1.01 | E14: 0.314 | G14: 0.0120245 | H14: 0.0038617
A15: sisemp | B15: -0.0033171 | C15: 0.0019333 | D15: -1.72 | E15: 0.086 | G15: 0.0071063 | H15: 0.0004721
A16: hisemp | B16: 0.00129 | C16: 0.0022335 | D16: 0.58 | E16: 0.564 | G16: 0.0030877 | H16: 0.0056677
A17: a_risemp | B17: 2.004773 | C17: 10.55212 | D17: 0.19 | E17: 0.849 | G17: 18.67699 | H17: 22.68654
... A19: a_hisemp | B19: -4.702675 | C19: 11.14058 | D19: -0.42 | E19: 0.673 | G19: 26.53781 | H19: 17.13246
B21: Original | C21: Extension
A23: t-3 | B23: =Comparison!H7 -> -596.426 | C23: =B11 -> 536.4822
A24: t-2 | B24: =Comparison!H6 -> -197.5447 | C24: =B12 -> 590.8094
A25: t-1 | B25: 0 | C25: =B13 -> 526.2498
A26: t | B26: =Comparison!H8 -> 829.7615 | C26: =B6 -> 219.0075
A27: t+1 | B27: =Comparison!H9 -> 2376.216 | C27: =B7 -> 1117.815
A28: t+2 | B28: =Comparison!H10 -> 4492.615 | C28: =B8 -> 3194.614
A29: t+3 | B29: =Comparison!H11 -> 7697.693 | C29: =B9 -> 6046.459

Sheet hitot_full
E2: Number | F2: of | G2: obs = | H2: 8574
A4: hitot_inc | B4: Coef. | C4: Std. Err. | D4: z | E4: P>z | G4: [95% Conf. | H4: Interval]
A6: tau0 | B6: -1137.548 | C6: 2119.456 | D6: -0.54 | E6: 0.591 | G6: 5291.606 | H6: 3016.509
A7: tau1 | B7: -5448.618 | C7: 2936.961 | D7: -1.86 | E7: 0.064 | G7: 11204.96 | H7: 307.7204
A8: tau2 | B8: -6644.152 | C8: 3755.448 | D8: -1.77 | E8: 0.077 | G8: 14004.69 | H8: 716.3911
A9: tau3 | B9: -834.6601 | C9: 4783.636 | D9: -0.17 | E9: 0.861 | G9: 10210.41 | H9: 8541.094
A10: tau4 | B10: 402.3397 | C10: 5566.27 | D10: 0.07 | E10: 0.942 | G10: 10507.35 | H10: 11312.03
A11: pre1 | B11: 6397.35 | C11: 16060.25 | D11: 0.4 | E11: 0.69 | G11: 25080.17 | H11: 37874.87
A12: pre2 | B12: 3596.514 | C12: 11220.72 | D12: 0.32 | E12: 0.749 | G12: -18395.7 | H12: 25588.72
A13: pre3 | B13: 5289.316 | C13: 6899.169 | D13: 0.77 | E13: 0.443 | G13: 8232.807 | H13: 18811.44
A14: risemp | B14: -0.2946831 | C14: 0.3813572 | D14: -0.77 | E14: 0.44 | G14: -1.04213 | H14: 0.4527633
A15: sisemp | B15: -0.0452168 | C15: 0.3253945 | D15: -0.14 | E15: 0.889 | G15: 0.6829784 | H15: 0.5925447
A16: hisemp | B16: 1.294083 | C16: 0.3673742 | D16: 3.52 | E16: 0 | G16: 0.5740432 | H16: 2.014124
A17: a_risemp | B17: 64.61758 | C17: 128.7828 | D17: 0.5 | E17: 0.616 | G17: 187.7921 | H17: 317.0273
... A19: a_hisemp | B19: -198.4244 | C19: 128.2789 | D19: -1.55 | E19: 0.122 | G19: 449.8464 | H19: 52.99752
B21: Original | C21: Extension
A23: t-3 | B23: =Comparison!K7 -> 4403.271 | C23: =B11 -> 6397.35
A24: t-2 | B24: =Comparison!K6 -> 3112.315 | C24: =B12 -> 3596.514
A25: t-1 | B25: 0 | C25: =B13 -> 5289.316
A26: t | B26: =Comparison!K8 -> -6691.348 | C26: =B6 -> -1137.548
A27: t+1 | B27: =Comparison!K9 -> -11607.07 | C27: =B7 -> -5448.618
A28: t+2 | B28: =Comparison!K10 -> -17777.64 | C28: =B8 -> -6644.152
A29: t+3 | B29: =Comparison!K11 -> -19361.16 | C29: =B9 -> -834.6601

Sheet oop_spend_NOINS
E2: Number | F2: of | G2: obs = | H2: 69783
A4: oop_spend | B4: Coef. | C4: Std. Err. | D4: z | E4: P>z | G4: [95% Conf. | H4: Interval]
A6: tau0 | B6: 1975.46 | C6: 175.3367 | D6: 11.27 | E6: 0 | G6: 1631.807 | H6: 2319.114
A7: tau1 | B7: 1443.017 | C7: 202.4045 | D7: 7.13 | E7: 0 | G7: 1046.312 | H7: 1839.723
A8: tau2 | B8: 1311.081 | C8: 225.4578 | D8: 5.82 | E8: 0 | G8: 869.1915 | H8: 1752.97
A9: tau3 | B9: 1573.861 | C9: 295.7356 | D9: 5.32 | E9: 0 | G9: 994.2297 | H9: 2153.492
A10: tau4 | B10: 1145.353 | C10: 348.1793 | D10: 3.29 | E10: 0.001 | G10: 462.9336 | H10: 1827.772
A11: pre1 | B11: 125.3339 | C11: 187.2198 | D11: 0.67 | E11: 0.503 | G11: 241.6102 | H11: 492.2781
A12: pre2 | B12: 68.93103 | C12: 156.6103 | D12: 0.44 | E12: 0.66 | G12: 238.0196 | H12: 375.8817
A13: pre3 | B13: 58.48267 | C13: 122.805 | D13: 0.48 | E13: 0.634 | G13: 182.2108 | H13: 299.1761

Sheet earnings_NOINS
E2: Number | F2: of | G2: obs = | H2: 55243
A4: riearn_c | B4: Coef. | C4: Std. Err. | D4: z | E4: P>z | G4: [95% Conf. | H4: Interval]
A6: tau0 | B6: -667.4281 | C6: 310.6935 | D6: -2.15 | E6: 0.032 | G6: 1276.376 | H6: -58.48
A7: tau1 | B7: -572.1651 | C7: 397.1722 | D7: -1.44 | E7: 0.15 | G7: 1350.608 | H7: 206.2782
A8: tau2 | B8: 278.2393 | C8: 533.8818 | D8: 0.52 | E8: 0.602 | G8: 768.1498 | H8: 1324.628
A9: tau3 | B9: 1437.141 | C9: 641.2518 | D9: 2.24 | E9: 0.025 | G9: 180.3103 | H9: 2693.971
A10: tau4 | B10: 2168.135 | C10: 789.0991 | D10: 2.75 | E10: 0.006 | G10: 621.5293 | H10: 3714.741
A11: pre1 | B11: 679.5018 | C11: 1151.081 | D11: 0.59 | E11: 0.555 | G11: 1576.575 | H11: 2935.578
A12: pre2 | B12: 990.9581 | C12: 902.4231 | D12: 1.1 | E12: 0.272 | G12: 777.7586 | H12: 2759.675
A13: pre3 | B13: 231.9432 | C13: 663.0389 | D13: 0.35 | E13: 0.726 | G13: 1067.589 | H13: 1531.476

Sheet working_NOINS
E2: Number | F2: of | G2: obs = | H2: 69783
A4: working | B4: Coef. | C4: Std. Err. | D4: z | E4: P>z | G4: [95% Conf. | H4: Interval]
A6: tau0 | B6: -2.649456 | C6: 0.6173531 | D6: -4.29 | E6: 0 | G6: 3.859446 | H6: -1.439466
A7: tau1 | B7: -1.733477 | C7: 0.7663068 | D7: -2.26 | E7: 0.024 | G7: 3.235411 | H7: -0.2315434
A8: tau2 | B8: 0.0550376 | C8: 0.9408605 | D8: 0.06 | E8: 0.953 | G8: 1.789015 | H8: 1.89909
A9: tau3 | B9: 1.550035 | C9: 1.19551 | D9: 1.3 | E9: 0.195 | G9: 0.7931222 | H9: 3.893192
A10: tau4 | B10: 3.002035 | C10: 1.444102 | D10: 2.08 | E10: 0.038 | G10: 0.1716463 | H10: 5.832423
A11: pre1 | B11: -2.151601 | C11: 1.285285 | D11: -1.67 | E11: 0.094 | G11: 4.670714 | H11: 0.3675119
A12: pre2 | B12: -1.540829 | C12: 0.9956765 | D12: -1.55 | E12: 0.122 | G12: 3.492319 | H12: 0.4106615
A13: pre3 | B13: -0.7782347 | C13: 0.7211254 | D13: -1.08 | E13: 0.281 | G13: 2.191615 | H13: 0.6351451

Sheet spousal_NOINS
E2: Number | F2: of | G2: obs = | H2: 69783
A4: siearnsemp | B4: Coef. | C4: Std. Err. | D4: z | E4: P>z | G4: [95% Conf. | H4: Interval]
A6: tau0 | B6: 166.5789 | C6: 311.9127 | D6: 0.53 | E6: 0.593 | G6: 444.7587 | H6: 777.9165
A7: tau1 | B7: 911.8584 | C7: 455.3917 | D7: 2 | E7: 0.045 | G7: 19.307 | H7: 1804.41
A8: tau2 | B8: 1923.966 | C8: 580.6228 | D8: 3.31 | E8: 0.001 | G8: 785.9662 | H8: 3061.966
A9: tau3 | B9: 2474.615 | C9: 721.1592 | D9: 3.43 | E9: 0.001 | G9: 1061.169 | H9: 3888.061
A10: tau4 | B10: 3343.646 | C10: 867.9768 | D10: 3.85 | E10: 0 | G10: 1642.443 | H10: 5044.849
A11: pre1 | B11: 1514.131 | C11: 982.9863 | D11: 1.54 | E11: 0.123 | G11: 412.4866 | H11: 3440.749
A12: pre2 | B12: 668.6992 | C12: 767.3109 | D12: 0.87 | E12: 0.383 | G12: 835.2025 | H12: 2172.601
A13: pre3 | B13: 73.73061 | C13: 564.5942 | D13: 0.13 | E13: 0.896 | G13: 1032.854 | H13: 1180.315

Sheet insurancepay_NOINS
E2: Number | F2: of | G2: obs = | H2: 69783
A4: hgovt | B4: Coef. | C4: Std. Err. | D4: z | E4: P>z | G4: [95% Conf. | H4: Interval]
A6: tau0 | B6: 234.4159 | C6: 153.1852 | D6: 1.53 | E6: 0.126 | G6: 65.82151 | H6: 534.6533
A7: tau1 | B7: 394.9369 | C7: 193.7975 | D7: 2.04 | E7: 0.042 | G7: 15.10075 | H7: 774.7731
A8: tau2 | B8: 175.0458 | C8: 238.7887 | D8: 0.73 | E8: 0.464 | G8: 292.9714 | H8: 643.0631
A9: tau3 | B9: 121.2651 | C9: 302.5855 | D9: 0.4 | E9: 0.689 | G9: 471.7917 | H9: 714.3219
A10: tau4 | B10: -339.2804 | C10: 366.8226 | D10: -0.92 | E10: 0.355 | G10: 1058.239 | H10: 379.6786
A11: pre1 | B11: -621.3107 | C11: 272.4397 | D11: -2.28 | E11: 0.023 | G11: 1155.283 | H11: -87.33865
A12: pre2 | B12: -232.2361 | C12: 210.8164 | D12: -1.1 | E12: 0.271 | G12: 645.4286 | H12: 180.9564
A13: pre3 | B13: -118.4347 | C13: 150.7682 | D13: -0.79 | E13: 0.432 | G13: 413.9349 | H13: 177.0656

Sheet hitot_NOINS
E2: Number | F2: of | G2: obs = | H2: 69783
A4: hitot_inc | B4: Coef. | C4: Std. Err. | D4: z | E4: P>z | G4: [95% Conf. | H4: Interval]
A6: tau0 | B6: -1554.695 | C6: 635.3629 | D6: -2.45 | E6: 0.014 | G6: 2799.984 | H6: -309.4067
A7: tau1 | B7: -1236.336 | C7: 814.6694 | D7: -1.52 | E7: 0.129 | G7: 2833.059 | H7: 360.3869
A8: tau2 | B8: -302.9468 | C8: 971.1568 | D8: -0.31 | E8: 0.755 | G8: 2206.379 | H8: 1600.486
A9: tau3 | B9: -194.8759 | C9: 1186.187 | D9: -0.16 | E9: 0.87 | G9: 2519.759 | H9: 2130.008
A10: tau4 | B10: 1314.451 | C10: 1407.823 | D10: 0.93 | E10: 0.35 | G10: 1444.832 | H10: 4073.734
A11: pre1 | B11: -2267.565 | C11: 1737.021 | D11: -1.31 | E11: 0.192 | G11: 5672.063 | H11: 1136.933
A12: pre2 | B12: -1108.97 | C12: 1368.188 | D12: -0.81 | E12: 0.418 | G12: 3790.568 | H12: 1572.628
A13: pre3 | B13: -1490.771 | C13: 1059.098 | D13: -1.41 | E13: 0.159 | G13: 3566.566 | H13: 585.0231

Sheet oop_spend_INS
E2: Number | F2: of | G2: obs = | H2: 85845
A4: oop_spend | B4: Coef. | C4: Std. Err. | D4: z | E4: P>z | G4: [95% Conf. | H4: Interval]
A6: tau0 | B6: 1960.358 | C6: 174.2684 | D6: 11.25 | E6: 0 | G6: 1618.798 | H6: 2301.918
A7: tau1 | B7: 1316.702 | C7: 178.2518 | D7: 7.39 | E7: 0 | G7: 967.3352 | H7: 1666.07
A8: tau2 | B8: 1200.332 | C8: 199.1456 | D8: 6.03 | E8: 0 | G8: 810.0135 | H8: 1590.65
A9: tau3 | B9: 1457.417 | C9: 268.7168 | D9: 5.42 | E9: 0 | G9: 930.7421 | H9: 1984.093
A10: tau4 | B10: 1106.126 | C10: 292.363 | D10: 3.78 | E10: 0 | G10: 533.105 | H10: 1679.147
A11: pre1 | B11: 116.6748 | C11: 176.1147 | D11: 0.66 | E11: 0.508 | G11: 228.5035 | H11: 461.8532
A12: pre2 | B12: 68.4827 | C12: 146.6222 | D12: 0.47 | E12: 0.64 | G12: 218.8915 | H12: 355.8569
A13: pre3 | B13: 42.93794 | C13: 115.6898 | D13: 0.37 | E13: 0.711 | G13: 183.8099 | H13: 269.6858

Sheet earnings_INS 
E2: Number | F2: of | G2: obs = | H2: 64712
A4: riearn_c | B4: Coef. | C4: Std. Err. | D4: z | E4: P>z | G4: [95% Conf. | H4: Interval]
A6: tau0 | B6: -1023.935 | C6: 310.2467 | D6: -3.3 | E6: 0.001 | G6: 1632.007 | H6: -415.8629
A7: tau1 | B7: -1834.103 | C7: 409.1522 | D7: -4.48 | E7: 0 | G7: 2636.027 | H7: -1032.179
A8: tau2 | B8: -1594.998 | C8: 537.5188 | D8: -2.97 | E8: 0.003 | G8: 2648.515 | H8: -541.4802
A9: tau3 | B9: -1147.581 | C9: 656.2889 | D9: -1.75 | E9: 0.08 | G9: 2433.884 | H9: 138.7215
A10: tau4 | B10: -1058.695 | C10: 794.7984 | D10: -1.33 | E10: 0.183 | G10: 2616.471 | H10: 499.081
A11: pre1 | B11: 1268.583 | C11: 1136.092 | D11: 1.12 | E11: 0.264 | G11: 958.1157 | H11: 3495.282
A12: pre2 | B12: 1118.357 | C12: 887.1381 | D12: 1.26 | E12: 0.207 | G12: 620.4015 | H12: 2857.116
A13: pre3 | B13: 434.2863 | C13: 652.2741 | D13: 0.67 | E13: 0.506 | G13: 844.1474 | H13: 1712.72

Sheet working_INS 
E2: Number | F2: of | G2: obs = | H2: 85845
A4: working | B4: Coef. | C4: Std. Err. | D4: z | E4: P>z | G4: [95% Conf. | H4: Interval]
A6: tau0 | B6: -3.373773 | C6: 0.6053952 | D6: -5.57 | E6: 0 | G6: 4.560326 | H6: -2.18722
A7: tau1 | B7: -2.980813 | C7: 0.7044973 | D7: -4.23 | E7: 0 | G7: 4.361602 | H7: -1.600024
A8: tau2 | B8: -2.832155 | C8: 0.870993 | D8: -3.25 | E8: 0.001 | G8: -4.53927 | H8: -1.12504
A9: tau3 | B9: -3.339493 | C9: 1.113431 | D9: -3 | E9: 0.003 | G9: 5.521777 | H9: -1.15721
A10: tau4 | B10: -3.140324 | C10: 1.288564 | D10: -2.44 | E10: 0.015 | G10: 5.665862 | H10: -0.614785
A11: pre1 | B11: -0.700264 | C11: 1.228475 | D11: -0.57 | E11: 0.569 | G11: -3.10803 | H11: 1.707502
A12: pre2 | B12: -0.7335702 | C12: 0.9528325 | D12: -0.77 | E12: 0.441 | G12: 2.601087 | H12: 1.133947
A13: pre3 | B13: -0.4434049 | C13: 0.6897875 | D13: -0.64 | E13: 0.52 | G13: 1.795364 | H13: 0.9085538

Sheet spousal_INS 
E2: Number | F2: of | G2: obs = | H2: 85845
A4: siearnsemp | B4: Coef. | C4: Std. Err. | D4: z | E4: P>z | G4: [95% Conf. | H4: Interval]
A6: tau0 | B6: -28.08037 | C6: 305.9179 | D6: -0.09 | E6: 0.927 | G6: 627.6684 | H6: 571.5077
A7: tau1 | B7: 770.0594 | C7: 445.6418 | D7: 1.73 | E7: 0.084 | G7: 103.3824 | H7: 1643.501
A8: tau2 | B8: 1222.922 | C8: 569.7973 | D8: 2.15 | E8: 0.032 | G8: 106.1404 | H8: 2339.705
A9: tau3 | B9: 1152.198 | C9: 701.6818 | D9: 1.64 | E9: 0.101 | G9: 223.0727 | H9: 2527.469
A10: tau4 | B10: 1397.003 | C10: 820.8014 | D10: 1.7 | E10: 0.089 | G10: 211.7387 | H10: 3005.744
A11: pre1 | B11: 1552.778 | C11: 996.8955 | D11: 1.56 | E11: 0.119 | G11: -401.101 | H11: 3506.658
A12: pre2 | B12: 673.9532 | C12: 780.8297 | D12: 0.86 | E12: 0.388 | G12: 856.4449 | H12: 2204.351
A13: pre3 | B13: -22.11888 | C13: 565.9851 | D13: -0.04 | E13: 0.969 | G13: 1131.429 | H13: 1087.192

Sheet insurancepay_INS 
E2: Number | F2: of | G2: obs = | H2: 85845
A4: hgovt | B4: Coef. | C4: Std. Err. | D4: z | E4: P>z | G4: [95% Conf. | H4: Interval]
A6: tau0 | B6: 187.7835 | C6: 149.2164 | D6: 1.26 | E6: 0.208 | G6: 104.6753 | H6: 480.2423
A7: tau1 | B7: 207.3143 | C7: 173.0204 | D7: 1.2 | E7: 0.231 | G7: 131.7994 | H7: 546.4279
A8: tau2 | B8: 181.2623 | C8: 214.7534 | D8: 0.84 | E8: 0.399 | G8: 239.6466 | H8: 602.1711
A9: tau3 | B9: 655.3171 | C9: 276.3081 | D9: 2.37 | E9: 0.018 | G9: 113.7632 | H9: 1196.871
A10: tau4 | B10: 981.4984 | C10: 320.6969 | D10: 3.06 | E10: 0.002 | G10: 352.944 | H10: 1610.053
A11: pre1 | B11: -997.0641 | C11: 258.9769 | D11: -3.85 | E11: 0 | G11: -1504.65 | H11: -489.4787
A12: pre2 | B12: -437.7429 | C12: 200.0816 | D12: -2.19 | E12: 0.029 | G12: 829.8957 | H12: -45.59015
A13: pre3 | B13: -197.9608 | C13: 142.8969 | D13: -1.39 | E13: 0.166 | G13: 478.0337 | H13: 82.112

Sheet hitot_INS 
E2: Number | F2: of | G2: obs = | H2: 85845
A4: hitot_inc | B4: Coef. | C4: Std. Err. | D4: z | E4: P>z | G4: [95% Conf. | H4: Interval]
A6: tau0 | B6: -1587.832 | C6: 617.4737 | D6: -2.57 | E6: 0.01 | G6: 2798.058 | H6: -377.6054
A7: tau1 | B7: -1762.328 | C7: 771.5153 | D7: -2.28 | E7: 0.022 | G7: 3274.471 | H7: -250.1862
A8: tau2 | B8: -1517.654 | C8: 927.9252 | D8: -1.64 | E8: 0.102 | G8: 3336.354 | H8: 301.0456
A9: tau3 | B9: -1966.652 | C9: 1148.635 | D9: -1.71 | E9: 0.087 | G9: 4217.937 | H9: 284.6316
A10: tau4 | B10: -1010.81 | C10: 1295.989 | D10: -0.78 | E10: 0.435 | G10: 3550.902 | H10: 1529.281
A11: pre1 | B11: -1794.446 | C11: 1681.734 | D11: -1.07 | E11: 0.286 | G11: 5090.584 | H11: 1501.691
A12: pre2 | B12: -824.1443 | C12: 1329.393 | D12: -0.62 | E12: 0.535 | G12: 3429.707 | H12: 1781.419
A13: pre3 | B13: -1432.907 | C13: 1022.547 | D13: -1.4 | E13: 0.161 | G13: 3437.062 | H13: 571.2477
